MUNICIPIO;1 Dose (D1);2 Dose (D2);3 Dose (D3);Reforço Bivalente;1 Reforço;2 Reforço;3 Reforço;Dose Única* (DU);Dose Adicional** (DA)
ADAMANTINA;32378;30878;135;3940;22495;9485;20;685;87
ADOLFO;4459;4371;85;1231;3764;2044;7;76;18
AGUAI;32553;30820;419;6557;22304;11073;35;861;64
AGUAS DA PRATA;7407;7220;44;1340;5219;2534;5;165;22
AGUAS DE LINDOIA;17954;16828;64;1836;11432;3960;17;313;38
AGUAS DE SANTA BARBARA;6135;5753;29;1403;3748;1591;6;112;15
AGUAS DE SAO PEDRO;3900;3823;15;778;3272;2086;463;55;14
AGUDOS;36640;33779;79;2824;21476;8749;604;534;61
ALAMBARI;5463;5246;41;985;3834;1915;13;143;7
ALFREDO MARCONDES;4364;4310;13;701;3503;1686;370;78;7
ALTAIR;3381;3329;57;503;2837;1444;3;109;17
ALTINOPOLIS;15788;15283;72;3128;11399;5243;17;344;39
ALTO ALEGRE;3706;3583;2;357;2575;1048;2;83;2
ALUMINIO;16501;15996;87;3330;12563;6423;113;483;41
ALVARES FLORENCE;3826;3757;70;753;2863;1103;6;73;4
ALVARES MACHADO;22790;21496;67;3069;15075;6786;38;462;67
ALVARO DE CARVALHO;6305;6351;30;2954;5472;3781;161;172;34
ALVINLANDIA;2866;2745;12;406;1886;762;1;62;3
AMERICANA;216255;201018;798;31391;130571;56936;471;4437;613
AMERICO BRASILIENSE;33156;31570;242;6959;24014;11376;46;943;130
AMERICO DE CAMPOS;5449;5317;28;894;4414;1813;10;117;13
AMPARO;67672;64653;274;9898;45552;20627;94;1350;262
ANALANDIA;4260;3988;20;440;2488;958;3;82;19
ANDRADINA;53314;50228;167;5853;36208;15588;25;1004;165
ANGATUBA;22767;21548;453;6315;14996;7278;39;443;57
ANHEMBI;6185;5812;59;1173;4289;2045;8;119;11
ANHUMAS;3760;3708;30;581;2395;943;11;64;10
APARECIDA;32215;29475;160;4996;18686;8424;145;771;140
APARECIDA D'OESTE;4192;4149;56;982;3391;1629;6;70;20
APIAI;23672;22212;231;4386;16371;6994;25;441;41
ARACARIGUAMA;21038;19558;123;3165;12714;5477;35;437;39
ARACATUBA;186148;174716;871;26839;119573;53757;266;3535;609
ARACOIABA DA SERRA;31225;29375;103;6799;22744;11471;47;640;58
ARAMINA;5071;5028;28;594;3940;1960;4;117;11
ARANDU;6669;6387;176;2103;5084;2272;9;144;14
ARAPEI;2329;2253;7;191;1656;530;3;50;5
ARARAQUARA;228876;216959;1156;50041;160939;83209;519;4981;936
ARARAS;123162;116929;850;22844;86294;42115;193;2943;319
ARCO-IRIS;2008;1991;24;348;1603;616;3;29;16
AREALVA;7903;7563;38;1193;5684;2481;4;161;10
AREIAS;3726;3481;49;603;2448;787;2;52;6
AREIOPOLIS;9160;8724;53;1508;6414;2481;44;257;36
ARIRANHA;7409;7206;24;917;5473;2346;1;211;14
ARTUR NOGUEIRA;47988;45307;216;5752;29300;11688;103;1163;110
ARUJA;82084;78084;639;18189;53436;23010;190;1802;256
ASPASIA;1845;1745;18;131;1272;519;1;17;5
ASSIS;92923;87000;267;15131;59705;26616;2075;1826;246
ATIBAIA;150866;141003;1807;37160;104574;52036;507;2820;659
AURIFLAMA;12265;11723;34;1110;8188;3442;3;315;24
AVAI;5165;5035;129;1492;4105;2104;0;34;17
AVANHANDAVA;11030;10479;21;2072;7511;3460;10;190;23
AVARE;88735;83500;694;20208;62987;29645;171;1720;323
BADY BASSITT;19784;19106;134;2921;12436;5539;61;334;55
BALBINOS;4801;4742;8;2533;4397;3301;20;58;49
BALSAMO;8582;8522;96;1635;6229;2910;16;210;20
BANANAL;9651;8907;19;515;5904;2050;38;196;13
BARAO DE ANTONINA;3510;3371;36;955;2549;1323;10;37;12
BARBOSA;6140;5711;24;730;4066;1803;21;85;12
BARIRI;28421;26597;54;1829;16988;5765;15;559;40
BARRA BONITA;32546;32094;316;7165;26034;12868;6;890;115
BARRA DO CHAPEU;5340;5160;51;626;3623;1372;8;110;11
BARRA DO TURVO;7302;6634;41;899;3803;1338;9;72;0
BARRETOS;117670;110468;447;21448;81690;41422;239;2319;401
BARRINHA;29659;27597;215;4889;19122;7308;37;719;44
BARUERI;291830;274474;4176;66528;201133;96504;771;5393;1091
BASTOS;21164;20494;135;3545;15280;5598;10;453;42
BATATAIS;56975;53838;163;11383;44704;26383;186;1169;238
BAURU;359279;334907;1630;79978;228275;114682;642;6137;1389
BEBEDOURO;71522;67601;175;10674;47830;22875;201;1342;292
BENTO DE ABREU;2455;2409;9;251;1949;889;67;70;12
BERNARDINO DE CAMPOS;11757;11181;21;2699;8446;4596;16;200;30
BERTIOGA;67624;61398;349;11688;37734;16238;90;1191;155
BILAC;7026;6735;20;1264;5059;2353;15;162;31
BIRIGUI;107971;99836;333;14510;65510;29057;112;2473;272
BIRITIBA MIRIM;28958;27091;292;6105;17615;8638;69;706;111
BOA ESPERANCA DO SUL;12764;12225;73;2134;9285;4659;5;368;35
BOCAINA;10421;10237;39;1048;7870;3446;6;297;23
BOFETE;10221;9658;95;2770;7082;3060;29;247;26
BOITUVA;56730;53048;285;8612;36022;16324;139;1274;143
BOM JESUS DOS PERDOES;23243;21604;63;3504;14429;5900;13;553;34
BOM SUCESSO DE ITARARE;3915;3806;167;953;3045;977;18;70;9
BORA;929;880;3;25;579;230;48;9;1
BORACEIA;4548;4283;18;370;2753;1090;5;85;6
BORBOREMA;13834;13448;102;1449;9605;3889;37;337;39
BOREBI;2424;2304;5;242;1212;407;1;32;6
BOTUCATU;155959;149565;784;40797;121374;66728;9610;22;50
BRAGANCA PAULISTA;172144;161555;828;35732;120558;58146;619;3944;715
BRAUNA;4996;4697;12;491;2995;1307;3;96;18
BREJO ALEGRE;2527;2438;18;470;1709;851;6;59;4
BRODOWSKI;23435;21905;88;3300;15676;7045;29;523;49
BROTAS;22419;21290;196;3767;14582;5705;20;492;40
BURI;19377;18446;98;2824;12457;5550;54;438;37
BURITAMA;15997;15347;61;2546;11675;5890;999;359;91
BURITIZAL;3928;3627;16;287;2732;1431;33;71;15
CABRALIA PAULISTA;4153;4028;23;598;2768;950;7;84;9
CABREUVA;48605;45269;242;7178;27530;10564;42;891;68
CACAPAVA;90652;83647;586;17017;58731;28376;160;2541;180
CACHOEIRA PAULISTA;28357;26085;144;4018;17072;7732;65;617;116
CACONDE;17305;15917;56;2567;11187;4352;20;306;39
CAFELANDIA;15846;14705;48;2700;10709;5366;20;305;32
CAIABU;3579;3395;8;224;2291;823;15;48;6
CAIEIRAS;89655;85281;531;21895;65445;34893;513;2266;322
CAIUA;7374;7283;22;2377;6015;3309;19;89;24
CAJAMAR;87360;84644;783;12928;60394;25728;174;2324;338
CAJATI;27924;25840;113;3332;16053;6091;30;526;38
CAJOBI;8841;8513;37;1182;6754;2983;6;252;30
CAJURU;23326;21303;125;3677;14557;7006;26;399;65
CAMPINA DO MONTE ALEGRE;5959;5762;23;1094;4269;2110;18;113;19
CAMPINAS;1109422;1052852;8554;237450;727038;343704;2418;23832;4180
CAMPO LIMPO PAULISTA;74626;69747;459;14777;45631;20612;101;1779;228
CAMPOS DO JORDAO;48276;46693;307;9964;31673;14598;56;1198;230
CAMPOS NOVOS PAULISTA;4601;4397;39;775;3099;1373;14;89;9
CANANEIA;12362;11612;54;2267;7713;3582;16;210;36
CANAS;4223;3812;2;32;2253;643;1;85;0
CANDIDO MOTA;27531;26189;82;3310;19127;8774;1649;537;67
CANDIDO RODRIGUES;2786;2749;37;453;2409;1366;2;55;22
CANITAR;5059;4854;63;537;3390;1296;4;123;9
CAPAO BONITO;44955;43273;771;11565;32849;16511;164;898;106
CAPELA DO ALTO;22450;21296;105;5452;14644;7508;185;485;48
CAPIVARI;47613;45226;239;6469;30616;13570;234;1143;137
CARAGUATATUBA;122596;112326;511;23586;71928;32564;210;2065;359
CARAPICUIBA;388365;355570;2197;72972;227523;110092;663;8980;869
CARDOSO;11346;10889;34;2241;8229;4293;19;236;39
CASA BRANCA;28166;25759;128;5510;17544;8549;52;903;42
CASSIA DOS COQUEIROS;2662;2596;15;557;2014;1076;7;50;10
CASTILHO;18633;17575;35;2548;13353;5637;16;486;52
CATANDUVA;107862;101588;330;10874;66310;26943;97;1858;383
CATIGUA;6958;6785;38;1125;5097;2467;13;161;31
CEDRAL;10064;9516;45;1462;6479;2698;2;192;24
CERQUEIRA CESAR;22436;21660;117;6861;17262;7467;25;501;66
CERQUILHO;43342;41724;388;8524;31867;15716;179;1198;135
CESARIO LANGE;17862;16403;59;2774;11176;5498;44;446;21
CHARQUEADA;15522;14837;52;2225;9804;4201;26;362;39
CHAVANTES;11372;10762;26;1739;7903;3323;4;252;22
CLEMENTINA;6711;6520;41;1241;4740;1853;6;232;30
COLINA;17232;16315;112;2998;11683;5384;23;373;50
COLOMBIA;6498;6325;53;1044;5191;2842;12;147;16
CONCHAL;27728;25491;233;3546;15683;6097;46;473;84
CONCHAS;15865;14621;106;2892;10285;5040;25;261;54
CORDEIROPOLIS;23762;22690;149;4020;16648;7941;1947;586;63
COROADOS;5081;4865;43;587;3125;1307;2;120;17
CORONEL MACEDO;4508;4465;125;1747;3935;1826;10;114;26
CORUMBATAI;3897;3808;24;346;2421;925;1;75;4
COSMOPOLIS;53543;48998;158;6110;34709;15152;78;1108;123
COSMORAMA;8171;7984;57;1170;5808;2643;11;153;24
COTIA;240039;228351;3136;56217;167726;78409;633;5158;649
CRAVINHOS;32579;30286;89;3131;19372;8490;55;663;64
CRISTAIS PAULISTA;8429;8096;37;1497;5641;2591;4;169;17
CRUZALIA;2045;1990;7;339;1677;706;0;28;1
CRUZEIRO;74823;69373;515;10290;48763;23337;6050;1411;243
CUBATAO;107670;99919;588;23452;72245;34032;212;2464;258
CUNHA;20647;19718;167;3391;13410;5375;40;403;18
DESCALVADO;31111;29731;243;5443;22451;10694;26;779;125
DIADEMA;398558;373236;4848;102287;276969;144584;906;8559;1512
DIRCE REIS;1683;1682;28;385;1463;738;0;19;11
DIVINOLANDIA;11521;11092;50;1927;8588;4025;10;203;20
DOBRADA;8132;7653;35;1101;5536;2281;17;228;12
DOIS CORREGOS;23293;21811;60;2586;14597;6040;10;465;67
DOLCINOPOLIS;2315;2281;12;309;1898;821;10;52;6
DOURADO;8437;8136;45;1298;6101;2558;15;182;31
DRACENA;42175;39757;157;5576;26384;10745;38;617;86
DUARTINA;12216;11861;111;2466;10339;5281;12;279;32
DUMONT;9627;9312;65;1660;6442;2787;4;259;26
ECHAPORA;6037;5759;13;557;4303;1832;18;107;6
ELDORADO;12979;11789;41;1430;6770;2185;7;118;6
ELIAS FAUSTO;16719;16169;71;2444;11226;5096;67;461;41
ELISIARIO;2980;2953;22;301;2334;728;2;95;5
EMBAUBA;2115;2092;18;388;1473;611;2;53;3
EMBU DAS ARTES;252825;235404;2582;47920;165435;85844;21234;5711;666
EMBU-GUACU;63401;60276;503;15662;43828;22008;196;1087;124
EMILIANOPOLIS;2892;2828;57;454;1957;827;8;59;24
ENGENHEIRO COELHO;18702;17192;105;1457;9630;3388;16;402;40
ESPIRITO SANTO DO PINHAL;39552;36952;122;6393;25068;9717;59;794;97
ESPIRITO SANTO DO TURVO;4582;4390;19;282;2834;774;7;71;5
ESTIVA GERBI;10370;9391;58;875;6076;2323;11;232;21
ESTRELA D'OESTE;8251;7998;49;1123;6422;2580;12;191;27
ESTRELA DO NORTE;2658;2611;20;518;2178;1172;0;48;17
EUCLIDES DA CUNHA PAULISTA;7685;7214;67;2027;5487;2436;4;152;20
FARTURA;15452;14771;124;3565;11347;5733;24;298;35
FERNANDO PRESTES;5606;5604;50;900;4700;2056;17;119;28
FERNANDOPOLIS;67199;64458;394;13044;48084;24406;140;1253;450
FERNAO;1762;1736;71;478;1592;744;0;30;2
FERRAZ DE VASCONCELOS;157655;143330;864;33859;98602;48290;326;4128;475
FLORA RICA;1433;1419;5;204;1204;507;2;18;4
FLOREAL;2756;2715;15;595;2105;1022;0;38;11
FLORIDA PAULISTA;11213;10912;17;2629;8606;4053;13;251;28
FLORINEA;4437;4254;30;852;3395;1250;6;26;11
FORCA DA SEGURANCA;133042;125766;0;0;102;2;0;0;0
FRANCA;323880;297667;1793;50907;188845;78798;380;6524;776
FRANCISCO MORATO;168120;154547;1439;30329;103045;49655;257;3437;456
FRANCO DA ROCHA;151046;140290;1279;35771;101459;49560;251;6187;416
GABRIEL MONTEIRO;2672;2647;24;169;2157;1072;149;62;13
GALIA;6449;6344;60;3410;5433;2910;15;120;17
GARCA;40060;37758;159;6572;27555;12786;93;884;51
GASTAO VIDIGAL;3366;3238;20;618;2471;1099;0;113;10
GAVIAO PEIXOTO;4706;4582;73;989;3749;2163;31;135;14
GENERAL SALGADO;9576;9162;22;1106;6498;2697;2;187;17
GETULINA;10122;9606;27;2125;7318;3978;27;222;16
GLICERIO;4154;3923;14;520;2897;1523;10;115;18
GUAICARA;10911;10389;67;1393;7742;3169;13;286;28
GUAIMBE;5165;5037;34;1441;4026;1664;4;128;4
GUAIRA;37926;36554;248;8910;29472;15553;72;952;131
GUAPIACU;20101;18959;49;2463;13604;5593;11;424;44
GUAPIARA;17205;16407;137;2449;12298;5291;7;321;32
GUARA;18099;17146;114;2741;12790;6199;53;441;56
GUARACAI;7055;6799;23;694;4781;1566;7;165;12
GUARACI;9762;9500;116;1326;7481;3063;24;270;5
GUARANI D'OESTE;1980;1931;20;333;1551;757;1;23;9
GUARANTA;5953;5710;31;890;4236;1890;8;162;13
GUARARAPES;28945;27631;72;5192;20836;11103;26;680;83
GUARAREMA;31205;29583;335;8584;23078;11803;48;737;59
GUARATINGUETA;111011;102283;399;16734;65661;27665;167;2280;272
GUAREI;15065;14001;60;3595;10503;4935;27;341;63
GUARIBA;36009;34135;154;4837;25537;10027;104;986;108
GUARUJA;304352;267237;1479;55708;171908;76387;425;5585;708
GUARULHOS;1256734;1168568;9184;256395;805170;398758;2911;29592;3449
GUATAPARA;7446;7197;105;1526;5332;2623;12;200;22
GUZOLANDIA;4283;4133;19;445;3087;1321;2;98;14
HERCULANDIA;8040;7316;13;152;4257;1397;15;147;10
HOLAMBRA;15459;14505;101;2122;9687;3617;30;295;53
HORTOLANDIA;217993;205389;1308;38484;131162;59306;3940;5449;659
IACANGA;10390;9949;53;1804;7830;3044;2;351;30
IACRI;5948;5707;22;595;4161;1384;8;142;13
IARAS;8454;8408;71;3484;7120;3616;21;169;45
IBATE;31933;30025;157;4620;20737;9317;25;750;69
IBIRA;11219;10768;55;1837;7665;3038;4;287;18
IBIRAREMA;6156;5973;34;672;4200;2018;10;134;13
IBITINGA;55115;50956;219;8093;35925;16068;117;1137;148
IBIUNA;77116;68813;278;9437;44777;19560;73;1643;112
ICEM;7230;7102;23;2008;5767;2287;11;209;28
IEPE;7358;7240;75;992;5687;2574;3;156;25
IGARACU DO TIETE;21743;20558;83;3367;16025;8285;9;585;81
IGARAPAVA;24919;23224;50;3563;17026;8216;29;648;46
IGARATA;10679;10334;64;2309;7518;3883;37;200;31
IGUAPE;28114;26262;88;5889;18602;9514;24;471;62
ILHA COMPRIDA;13179;12305;113;3590;9830;4684;118;180;32
ILHA SOLTEIRA;24774;23786;81;1467;18515;9621;45;392;75
ILHABELA;37335;35705;278;6161;21920;8704;71;631;120
INDAIATUBA;243752;232940;823;51315;185494;110811;5300;5942;1127
INDIANA;4603;4417;18;653;3105;1375;4;80;5
INDIAPORA;3973;3894;64;1019;3113;1498;6;78;14
INUBIA PAULISTA;3406;3355;21;675;2632;1069;2;82;6
IPAUSSU;12588;11804;40;1688;7748;3256;24;235;36
IPERO;31843;30428;241;9235;21804;11341;203;847;70
IPEUNA;6196;5733;19;673;3477;1378;14;136;13
IPIGUA;5873;5676;138;1262;4186;1718;4;102;15
IPORANGA;3765;3592;24;713;2460;889;2;26;13
IPUA;14022;13323;49;2011;9787;5008;23;366;31
IRACEMAPOLIS;20647;19813;131;2676;12827;5654;62;551;44
IRAPUA;6628;6370;25;563;4542;1696;12;177;15
IRAPURU;7442;7175;19;2021;5814;2454;16;67;26
ITABERA;17474;17100;178;3877;14152;6544;37;346;129
ITAI;25897;24604;303;6847;19013;7998;45;604;96
ITAJOBI;15161;14678;47;1604;10134;4011;7;310;26
ITAJU;3436;3144;12;265;2000;781;8;82;5
ITANHAEM;111038;102680;622;29534;74592;39382;2608;1734;414
ITAOCA;3536;3515;124;1334;3193;1646;15;40;5
ITAPECERICA DA SERRA;154922;143382;763;32535;98298;47435;191;3148;320
ITAPETININGA;151088;138650;620;35340;103517;52364;401;2377;507
ITAPEVA;89912;85146;607;18335;64638;29769;256;1904;296
ITAPEVI;238006;211922;2542;44922;132588;58309;528;5279;545
ITAPIRA;68540;65272;213;10133;48217;22643;114;1590;181
ITAPIRAPUA PAULISTA;4343;4272;68;782;3466;1514;4;79;3
ITAPOLIS;37272;35081;160;5053;24497;10636;68;818;105
ITAPORANGA;14047;13586;104;3470;10317;4382;21;281;39
ITAPUI;12575;11811;38;1209;8367;3334;20;309;31
ITAPURA;3892;3653;12;747;2689;1156;5;68;7
ITAQUAQUECETUBA;344054;314318;2840;61926;210971;95102;523;7553;824
ITARARE;43047;41879;515;8204;31099;10994;30;987;115
ITARIRI;14055;12981;88;2200;7694;3167;16;283;36
ITATIBA;109550;102648;499;20862;70170;33750;249;2487;420
ITATINGA;19002;18465;477;6926;15260;5377;51;505;77
ITIRAPINA;16371;15550;75;4944;10919;6417;35;305;75
ITIRAPUA;5927;5563;18;861;3858;1615;28;141;7
ITOBI;7339;6864;12;887;4916;2271;26;177;4
ITU;168991;158361;1138;31129;110316;52703;403;4289;727
ITUPEVA;62948;59009;316;9183;38979;16232;128;1481;126
ITUVERAVA;35351;33249;172;5515;25823;12091;60;910;142
JABORANDI;5798;5665;20;855;4520;2090;9;163;13
JABOTICABAL;68600;65225;239;11782;49782;25233;135;1551;321
JACAREI;217084;203249;832;46622;147399;60104;474;4671;69
JACI;7331;7215;68;1170;5387;2196;6;165;23
JACUPIRANGA;15027;13641;31;1212;7631;2640;11;263;28
JAGUARIUNA;56095;53456;280;9462;35634;14595;130;1358;171
JALES;45562;42767;229;6495;28677;12339;28;712;106
JAMBEIRO;5570;5376;60;1313;4032;1953;4;166;10
JANDIRA;110762;102935;383;19514;66857;31198;218;2423;239
JARDINOPOLIS;42750;38956;205;7799;26182;10896;68;1303;100
JARINU;33835;31175;146;4457;18952;7389;35;591;49
JAU;123349;114883;374;11760;75523;30419;256;3003;242
JERIQUARA;3485;3329;21;562;2420;1088;2;62;9
JOANOPOLIS;13059;12180;124;2652;8480;4165;17;312;16
JOAO RAMALHO;4142;3976;26;610;2917;1339;4;101;16
JOSE BONIFACIO;33802;32262;91;4033;23262;10415;37;849;88
JULIO MESQUITA;4202;3942;17;448;2731;945;4;97;7
JUMIRIM;3393;3253;23;489;2383;1127;13;86;6
JUNDIAI;410801;394105;3730;104564;297570;150554;1917;10114;2187
JUNQUEIROPOLIS;19228;18448;71;3276;13451;5329;9;356;62
JUQUIA;16725;15384;43;2662;9353;4041;17;252;26
JUQUITIBA;31023;28238;166;4728;18231;8157;37;516;51
LAGOINHA;5238;5151;12;1684;4492;2404;32;82;21
LARANJAL PAULISTA;27029;25243;102;2920;17719;8520;2069;500;61
LAVINIA;10708;10675;31;2763;9323;2583;6;109;74
LAVRINHAS;6227;5844;59;1037;4112;1992;400;162;26
LEME;93212;88014;567;13384;60738;28930;273;2206;320
LENCOIS PAULISTA;61529;57134;143;6865;35854;14278;43;1394;110
LIMEIRA;271840;248908;748;27001;147494;64838;16264;5693;590
LINDOIA;6623;6361;22;567;4446;1748;5;196;14
LINS;70620;66317;171;11342;49908;24960;184;1536;231
LORENA;79498;71973;255;11811;48025;21750;199;1427;327
LOURDES;2131;2077;15;374;1713;958;4;44;20
LOUVEIRA;48624;46768;368;7879;32434;12971;89;1403;101
LUCELIA;19110;18310;57;4621;13936;6843;28;434;33
LUCIANOPOLIS;2526;2455;32;461;1816;737;6;43;12
LUIS ANTONIO;12316;11545;150;2545;8325;3609;22;356;18
LUIZIANIA;4701;4512;22;514;2900;1084;0;68;3
LUPERCIO;3963;3750;3;390;2549;1068;6;105;3
LUTECIA;2527;2425;6;329;1883;859;1;47;12
MACATUBA;14968;14438;31;2351;9713;3921;6;393;28
MACAUBAL;7126;6814;2;749;4632;2106;13;163;3
MACEDONIA;3728;3630;6;540;2966;1470;17;75;4
MAGDA;3043;2945;25;416;2262;750;0;55;2
MAIRINQUE;53088;49475;271;11615;36533;18982;146;1085;141
MAIRIPORA;87227;80095;417;15843;54505;26849;194;1923;214
MANDURI;9510;9283;126;2238;7310;3277;8;222;29
MARABA PAULISTA;4889;4694;35;1792;3982;1141;4;58;13
MARACAI;12328;11763;53;1663;8831;4285;24;253;20
MARAPOAMA;2967;2873;12;277;2001;613;5;71;3
MARIAPOLIS;3312;3236;4;386;2491;930;1;96;5
MARILIA;223107;207087;749;38402;137305;64931;341;3539;609
MARINOPOLIS;1830;1809;11;283;1620;744;1;39;7
MARTINOPOLIS;24378;23133;99;3586;16891;7608;71;389;62
MATAO;78015;74300;247;11238;53273;25276;63;1755;270
MAUA;390672;370400;4144;102605;280856;150466;1015;10667;1405
MENDONCA;6263;5945;27;1527;4398;2160;4;123;11
MERIDIANO;4061;3903;14;696;3084;1436;2;84;15
MESOPOLIS;2067;1990;4;225;1382;564;0;30;0
MIGUELOPOLIS;19065;17948;129;3246;13815;6943;11;482;67
MINEIROS DO TIETE;10865;10304;36;1485;7657;3319;7;227;22
MIRA ESTRELA;2888;2850;39;670;2346;1301;11;53;28
MIRACATU;18814;17273;37;1980;10339;4041;24;290;25
MIRANDOPOLIS;26692;25024;58;5407;17894;6315;6;346;58
MIRANTE DO PARANAPANEMA;15509;14375;83;3189;10912;5376;17;312;37
MIRASSOL;56894;53755;355;8772;37036;16553;122;1393;216
MIRASSOLANDIA;4949;4843;102;1601;3996;2094;11;110;12
MOCOCA;67681;63818;784;16544;49174;26045;209;1347;198
MOGI DAS CRUZES;410493;386809;3221;97395;287155;142142;635;9240;1519
MOGI GUACU;140095;131288;513;19973;85917;38222;254;3071;333
MOGI MIRIM;88394;83840;298;15213;59876;28139;162;1872;268
MOMBUCA;3694;3578;11;413;2325;994;47;63;8
MONCOES;2047;1982;23;687;1793;1005;1;49;8
MONGAGUA;60437;54453;453;14117;37532;17017;108;904;233
MONTE ALEGRE DO SUL;7323;6876;35;918;4975;1817;8;168;29
MONTE ALTO;45006;42860;255;5531;32373;13799;63;1093;162
MONTE APRAZIVEL;21038;20255;119;4046;15416;7470;17;593;72
MONTE AZUL PAULISTA;17101;16340;71;2135;12162;4054;27;276;46
MONTE CASTELO;3808;3689;17;529;2639;942;8;88;4
MONTE MOR;61901;55928;154;8073;33066;13058;71;1378;119
MONTEIRO LOBATO;4356;4070;21;890;2951;1508;8;75;7
MORRO AGUDO;26751;25359;145;3451;18586;7960;72;779;72
MORUNGABA;13752;13051;73;2107;9986;4374;44;332;41
MOTUCA;4008;3886;12;582;3068;1420;7;115;4
MURUTINGA DO SUL;3660;3580;25;365;2914;1236;5;86;13
NANTES;2637;2539;19;406;1846;860;1;51;4
NARANDIBA;5185;5137;51;958;3934;1653;15;118;16
NATIVIDADE DA SERRA;6665;5996;22;822;3561;1628;5;84;12
NAZARE PAULISTA;17524;16450;99;2783;11180;4943;14;328;55
NEVES PAULISTA;8966;8626;62;2090;6771;3624;2;186;38
NHANDEARA;9587;9166;30;1090;6533;2637;9;181;21
NIPOA;4669;4376;20;634;3103;1278;18;136;3
NOVA ALIANCA;6673;6479;38;1237;4907;2365;3;144;16
NOVA CAMPINA;8856;8643;173;2415;7401;4995;6;238;20
NOVA CANAA PAULISTA;1886;1852;21;359;1415;678;2;22;3
NOVA CASTILHO;1054;1041;2;44;832;256;0;19;2
NOVA EUROPA;9000;8569;28;1249;6939;3614;22;272;38
NOVA GRANADA;18666;18039;97;2980;13407;5665;6;457;40
NOVA GUATAPORANGA;2197;2155;6;400;1652;699;3;30;8
NOVA INDEPENDENCIA;5178;5227;19;1571;4606;1487;2;87;20
NOVA LUZITANIA;2892;2734;24;774;2140;1074;20;110;9
NOVA ODESSA;53690;50162;389;9208;33800;14316;211;1117;143
NOVAIS;4176;3695;10;206;1871;317;5;69;3
NOVO HORIZONTE;36111;34336;119;4608;24470;11549;19;807;95
NUPORANGA;7146;6833;48;1193;5287;2132;15;151;22
OCAUCU;4246;4202;102;1133;3251;1317;9;107;8
OLEO;2750;2717;15;399;1991;879;4;50;7
OLIMPIA;53235;50340;128;8445;35874;17804;164;1160;126
ONDA VERDE;4700;4384;42;966;3073;1373;0;94;14
ORIENTE;6121;5647;8;353;3702;1476;4;157;2
ORINDIUVA;6001;5937;102;1340;4954;2076;7;170;20
ORLANDIA;35728;34485;104;4263;26186;11738;60;1022;87
OSASCO;719562;663778;4913;163080;487354;246088;1975;15815;2522
OSCAR BRESSANE;2452;2409;12;449;2072;884;3;45;2
OSVALDO CRUZ;29517;28470;119;4367;20086;7620;5;603;53
OURINHOS;98821;90992;421;11619;58290;24991;668;1536;423
OURO VERDE;7164;6783;16;538;4467;1450;5;148;5
OUROESTE;9820;9413;46;1461;7192;3250;47;257;31
PACAEMBU;14711;14093;21;5439;11900;6244;294;253;25
PALESTINA;10657;10207;28;1240;7472;2946;4;273;16
PALMARES PAULISTA;8918;8631;57;1029;6395;2592;6;381;26
PALMEIRA D'OESTE;8633;8440;73;1176;7350;3389;32;198;45
PALMITAL;20136;19474;73;3701;14973;7077;15;399;70
PANORAMA;13652;12787;49;1868;8617;3185;5;226;27
PARAGUACU PAULISTA;39648;37780;161;6309;26573;12476;1707;809;176
PARAIBUNA;16886;15800;97;2780;10335;4717;47;389;30
PARAISO;5435;5201;36;791;3927;1708;5;125;14
PARANAPANEMA;18710;17762;83;3982;13154;6125;35;439;55
PARANAPUA;3977;3863;7;534;2618;1075;3;73;8
PARAPUA;9973;9360;64;888;6331;2520;10;186;42
PARDINHO;6927;6461;26;1146;4322;1758;6;111;33
PARIQUERA-ACU;19045;18128;98;3152;12217;4779;60;296;99
PARISI;2528;2520;26;430;2431;1498;4;44;19
PATROCINIO PAULISTA;14032;13367;125;2185;9449;4073;36;281;28
PAULICEIA;7491;7143;246;1675;5062;1567;9;154;17
PAULINIA;101187;94880;887;19044;71509;32794;392;2436;451
PAULISTANIA;2002;1967;37;419;1590;884;4;45;14
PAULO DE FARIA;8459;8311;125;1613;6687;2870;12;165;45
PEDERNEIRAS;41467;38860;115;5246;25346;10802;18;859;66
PEDRA BELA;6217;6064;23;1218;4713;2161;28;146;21
PEDRANOPOLIS;2718;2661;15;369;2151;944;18;54;8
PEDREGULHO;15824;14732;71;2439;10293;4818;59;314;53
PEDREIRA;42715;40653;202;8318;28982;14246;2391;1175;106
PEDRINHAS PAULISTA;2779;2716;13;342;2231;873;2;53;18
PEDRO DE TOLEDO;9858;9241;37;1577;5854;2633;298;143;17
PENAPOLIS;56420;52722;157;6135;35168;14737;38;909;119
PEREIRA BARRETO;23301;21922;110;4992;16542;8084;54;489;95
PEREIRAS;7823;7592;62;1572;5686;2571;10;201;28
PERUIBE;73204;68300;399;17558;47159;24341;196;976;203
PIACATU;5179;4967;11;549;3220;1361;11;129;11
PIEDADE;52700;49568;144;11286;35851;18922;304;1368;98
PILAR DO SUL;27545;26447;158;4948;19298;9683;79;577;81
PINDAMONHANGABA;152299;140005;548;23683;96480;43331;341;3434;408
PINDORAMA;13553;12959;39;1527;9094;3927;27;318;31
PINHALZINHO;14435;14013;64;3196;9757;4706;62;348;39
PIQUEROBI;3178;3029;28;434;2110;1015;3;48;13
PIQUETE;12109;11371;49;1993;8210;4138;45;280;39
PIRACAIA;27573;26151;226;4917;19159;8745;65;616;80
PIRACICABA;383282;362105;1324;63389;246473;104071;784;8274;1542
PIRAJU;28681;26691;144;5399;18899;8608;92;466;99
PIRAJUI;21139;19849;95;4317;14634;5883;22;493;45
PIRANGI;10157;9744;34;1162;7126;2976;17;234;29
PIRAPORA DO BOM JESUS;18554;16976;96;3132;11270;5609;64;358;32
PIRAPOZINHO;23857;22461;129;4072;17563;8509;109;498;75
PIRASSUNUNGA;68350;63734;258;8745;43801;17783;80;1092;181
PIRATININGA;13610;12869;61;2332;8868;4111;8;214;44
PITANGUEIRAS;32807;30920;296;6112;23050;10485;73;967;85
PLANALTO;4343;4146;23;640;3093;1412;4;107;10
PLATINA;3171;3014;4;823;2412;1347;2;101;7
POA;109536;100344;952;26542;71152;35900;330;2432;328
POLONI;5805;5643;65;1128;4480;1669;2;147;20
POMPEIA;19361;18023;42;1356;12303;5080;62;417;23
PONGAI;3276;3161;14;490;2289;1072;6;67;7
PONTAL;37686;35281;152;6838;25818;11154;40;1397;71
PONTALINDA;3853;3741;21;337;2731;1114;4;77;12
PONTES GESTAL;2409;2363;24;327;1770;821;0;52;10
POPULINA;4158;4028;26;850;3181;1669;2;83;18
PORANGABA;9084;8688;96;2445;6571;3832;27;196;27
PORTO FELIZ;51351;48899;181;8920;32803;14452;50;1063;119
PORTO FERREIRA;50409;47587;168;6198;35756;17164;96;1173;142
POTIM;21360;19986;54;2003;12481;5130;216;496;47
POTIRENDABA;16457;15671;60;1660;11027;3781;4;383;45
PRACINHA;3030;3003;43;967;2796;823;3;11;13
PRADOPOLIS;16974;16220;144;2983;11958;5510;61;554;65
PRAIA GRANDE;337883;305563;1779;74907;206435;104805;912;6388;927
PRATANIA;5414;5246;41;705;3722;1548;1;124;10
PRESIDENTE ALVES;3781;3609;5;482;2791;1309;1;86;10
PRESIDENTE BERNARDES;14685;13990;62;2619;10766;6315;161;211;47
PRESIDENTE EPITACIO;36772;34633;218;5924;23667;9857;38;616;72
PRESIDENTE PRUDENTE;215050;202767;853;33145;139762;66583;289;3872;732
PRESIDENTE VENCESLAU;34067;31222;101;4862;20562;9360;30;927;54
PROMISSAO;32873;31362;162;4341;23879;11415;25;854;69
QUADRA;3753;3498;33;743;2842;1554;36;113;10
QUATA;12572;12020;57;1646;8477;3949;19;263;29
QUEIROZ;3336;3195;23;227;2183;635;3;73;8
QUELUZ;9425;8482;24;950;5191;2277;466;152;8
QUINTANA;6390;6180;44;770;4369;1664;2;146;21
RAFARD;8870;8329;46;1529;5915;2808;59;182;21
RANCHARIA;27949;26694;138;4295;19155;8722;48;602;81
REDENCAO DA SERRA;4004;3831;30;977;2887;1623;1;79;11
REGENTE FEIJO;18738;17823;108;2571;12843;5931;23;357;111
REGINOPOLIS;9004;8896;40;4102;7824;2942;7;63;29
REGISTRO;59364;55234;356;11073;37022;15239;81;901;117
RESTINGA;6922;6559;73;921;4831;1864;17;151;15
RIBEIRA;3386;3230;17;783;2531;985;2;48;12
RIBEIRAO BONITO;11189;10618;118;2254;8198;4157;20;268;30
RIBEIRAO BRANCO;18339;17884;418;4469;14695;6932;57;357;30
RIBEIRAO CORRENTE;4641;4278;16;432;2602;1011;4;105;4
RIBEIRAO DO SUL;4419;4310;15;765;3664;1315;1;76;5
RIBEIRAO DOS INDIOS;2029;1984;4;279;1714;714;2;42;2
RIBEIRAO GRANDE;7834;7608;82;2305;6249;3674;57;167;36
RIBEIRAO PIRES;109781;102981;807;26576;76494;42650;145;2502;347
RIBEIRAO PRETO;642193;599032;4583;154592;443170;200891;1870;17401;2502
RIFAINA;4101;3945;13;552;2891;1180;7;80;21
RINCAO;9018;8771;160;2200;7096;3825;16;272;26
RINOPOLIS;8546;8018;15;748;5048;2071;2;198;8
RIO CLARO;194069;180099;1012;33534;122251;57892;539;3760;690
RIO DAS PEDRAS;29451;27451;121;3130;18188;7623;17;780;66
RIO GRANDE DA SERRA;40721;35255;105;6327;24344;11718;94;1217;87
RIOLANDIA;10991;10305;18;2062;7537;3015;27;167;13
RIVERSUL;5636;5552;78;1158;4689;2468;14;110;20
ROSANA;16399;15590;111;3369;11659;5444;27;340;47
ROSEIRA;9940;9414;47;883;6393;2850;9;223;19
RUBIACEA;2834;2708;29;567;2123;1022;19;41;11
RUBINEIA;3250;3091;12;656;2223;1141;2;45;10
SABINO;5105;4785;11;566;3540;1761;9;109;11
SAGRES;2369;2243;17;226;1477;640;6;37;4
SALES;5938;5864;44;711;3937;1495;1;121;27
SALES OLIVEIRA;10563;10341;60;1244;7528;3492;3;257;30
SALESOPOLIS;16826;16096;101;3300;11149;4721;14;332;37
SALMOURAO;4626;4368;19;552;3284;1258;2;106;4
SALTINHO;7893;7598;41;906;5196;2282;9;242;18
SALTO;118779;111012;1035;24513;77501;39167;440;2452;399
SALTO DE PIRAPORA;41952;39396;155;7105;26872;13683;1176;984;96
SALTO GRANDE;8427;7818;49;1333;5598;2556;8;178;27
SANDOVALINA;3609;3432;8;579;2695;1327;3;65;5
SANTA ADELIA;13174;12739;86;1560;9276;3591;13;384;47
SANTA ALBERTINA;5897;5795;17;755;4375;1786;4;119;8
SANTA BARBARA D'OESTE;168275;157429;569;24420;103362;42523;542;3826;435
SANTA BRANCA;12930;12260;53;2917;8857;4070;26;284;28
SANTA CLARA D'OESTE;2415;2328;32;516;1986;983;1;30;6
SANTA CRUZ DA CONCEICAO;4260;4038;21;873;3350;1839;37;89;28
SANTA CRUZ DA ESPERANCA;2049;1962;10;296;1416;719;1;30;4
SANTA CRUZ DAS PALMEIRAS;27478;25963;117;3168;18519;7670;21;817;59
SANTA CRUZ DO RIO PARDO;44306;42800;188;6665;30938;13686;61;895;141
SANTA ERNESTINA;5605;5429;37;663;4173;2032;2;148;22
SANTA FE DO SUL;32631;31080;155;5177;21157;9362;65;538;92
SANTA GERTRUDES;22343;20368;101;2569;12531;4684;31;482;50
SANTA ISABEL;53048;49817;296;11996;37290;20303;97;988;111
SANTA LUCIA;7125;6752;20;1155;5106;2490;13;220;26
SANTA MARIA DA SERRA;5442;5128;16;519;3326;1342;68;127;6
SANTA MERCEDES;3034;2894;12;433;2200;823;0;52;9
SANTA RITA D'OESTE;2558;2506;18;487;1899;811;0;53;4
SANTA RITA DO PASSA QUATRO;24680;23311;147;3305;17676;9147;22;420;82
SANTA ROSA DE VITERBO;23253;22521;284;5039;17443;8270;60;587;65
SANTA SALETE;1658;1621;18;310;1417;586;1;28;12
SANTANA DA PONTE PENSA;1492;1483;3;242;1349;584;6;33;2
SANTANA DE PARNAIBA;149977;141615;1660;30561;110231;58308;306;3465;479
SANTO ANASTACIO;17357;16351;70;1712;11575;5441;10;420;34
SANTO ANDRE;671262;627069;4367;186650;489016;272938;2327;15642;3436
SANTO ANTONIO DA ALEGRIA;6807;6539;7;889;5393;2323;16;142;23
SANTO ANTONIO DE POSSE;22592;20761;115;3670;13961;6038;119;483;57
SANTO ANTONIO DO ARACANGUA;7528;7249;22;1053;5505;2596;16;221;14
SANTO ANTONIO DO JARDIM;5818;5574;27;763;4069;1661;5;157;6
SANTO ANTONIO DO PINHAL;6913;6527;37;1287;4422;1969;23;104;28
SANTO EXPEDITO;2887;2754;19;516;1938;896;5;44;5
SANTOPOLIS DO AGUAPEI;3574;3544;8;681;2842;1244;0;143;10
SANTOS;425358;399283;2074;110492;285368;153108;842;6156;1741
SAO BENTO DO SAPUCAI;11300;10930;79;2048;7698;3430;30;220;33
SAO BERNARDO DO CAMPO;776613;731925;8344;217428;572130;323941;2101;19209;3291
SAO CAETANO DO SUL;152523;146002;1314;49000;117524;69956;578;4454;811
SAO CARLOS;244357;233643;1834;61067;179284;95021;421;6069;1054
SAO FRANCISCO;2642;2628;20;558;2376;1199;1;44;1
SAO JOAO DA BOA VISTA;87837;82643;433;16070;59060;28512;195;1665;370
SAO JOAO DAS DUAS PONTES;2448;2367;12;433;1851;800;2;59;4
SAO JOAO DE IRACEMA;1823;1758;19;419;1527;841;6;35;4
SAO JOAO DO PAU D'ALHO;2136;2085;11;192;1534;584;1;25;3
SAO JOAQUIM DA BARRA;44937;43561;194;7456;32217;16224;195;1195;94
SAO JOSE DA BELA VISTA;7204;6949;55;828;5087;2226;26;210;13
SAO JOSE DO BARREIRO;3933;3834;30;629;2678;1013;0;78;8
SAO JOSE DO RIO PARDO;51682;48968;214;8465;36007;16892;104;1100;145
SAO JOSE DO RIO PRETO;459578;434845;4510;98901;314019;131687;1408;10676;2379
SAO JOSE DOS CAMPOS;671220;616995;2420;157096;426238;209637;1833;11770;1154
SAO LOURENCO DA SERRA;15066;13672;35;3271;9693;4822;59;316;33
SAO LUIZ DO PARAITINGA;10746;10512;142;3344;8873;5076;17;227;47
SAO MANUEL;34640;33337;204;7059;25483;12736;10;884;101
SAO MIGUEL ARCANJO;31493;29962;254;7268;23072;11546;94;752;99
SAO PAULO;12476242;11797526;161282;3420789;8894151;4768590;46681;285344;57964
SAO PEDRO;34655;32103;104;5779;21433;9557;46;614;71
SAO PEDRO DO TURVO;6927;6585;29;654;4312;1506;9;134;11
SAO ROQUE;84694;78025;535;19419;55019;28697;160;1638;246
SAO SEBASTIAO;85681;76649;289;9135;41784;15908;96;1465;187
SAO SEBASTIAO DA GRAMA;10162;9654;12;1443;7394;3684;12;260;25
SAO SIMAO;13439;12872;127;2135;9874;4800;56;313;29
SAO VICENTE;324679;297034;1240;61587;205519;96381;1118;5799;890
SARAPUI;9839;8886;47;1315;6042;2691;597;216;24
SARUTAIA;3692;3565;41;1061;2797;1596;5;62;7
SEBASTIANOPOLIS DO SUL;3334;3260;27;581;3118;1447;14;81;22
SERRA AZUL;13956;13094;23;2614;9887;4758;21;138;41
SERRA NEGRA;26893;25688;88;3770;18159;7129;29;579;61
SERRANA;47712;45760;399;8055;32814;15986;69;0;9
SERTAOZINHO;119508;113482;1350;25345;86497;37962;234;2975;367
SETE BARRAS;12325;11335;13;1219;6744;2855;17;198;16
SEVERINIA;14331;13743;97;2256;10894;4884;7;422;27
SILVEIRAS;6056;5868;50;1066;4702;1623;11;157;18
SOCORRO;37692;35949;90;5172;23805;10400;51;776;74
SOROCABA;689309;622597;4616;161344;440159;221302;2436;14541;2370
SUD MENNUCCI;7279;6995;87;1478;5655;3015;9;160;31
SUMARE;265866;243442;1154;31309;147907;60115;650;6667;467
SUZANAPOLIS;3330;3245;10;408;2292;1037;6;67;4
SUZANO;290543;268578;2861;70807;194864;97497;746;5834;721
TABAPUA;10843;10532;66;1849;7693;3274;17;238;23
TABATINGA;13910;13114;98;1951;9803;3931;15;435;28
TABOAO DA SERRA;264386;244810;1691;56835;174634;88176;533;5887;921
TACIBA;5766;5390;52;758;3559;1464;5;145;13
TAGUAI;12353;11973;119;2225;8756;3032;7;295;17
TAIACU;5646;5586;115;1618;4815;2086;14;144;12
TAIUVA;6601;6685;113;2369;6232;2430;30;238;22
TAMBAU;20087;18742;48;3050;13228;6305;16;442;41
TANABI;24272;23144;155;4667;17284;8274;28;505;77
TAPIRAI;7969;7456;203;1691;5338;2593;9;120;134
TAPIRATIBA;11942;11462;50;2236;9136;4713;4;261;36
TAQUARAL;2589;2544;4;120;2181;1323;261;56;13
TAQUARITINGA;50547;48619;257;8711;37920;20762;95;1119;235
TAQUARITUBA;24700;23854;433;10508;19480;7892;53;445;88
TAQUARIVAI;6092;5883;46;1028;4784;2359;12;122;21
TARABAI;6771;6398;60;1356;4864;2321;11;174;15
TARUMA;14050;13119;88;1177;8882;3060;13;334;25
TATUI;114950;106948;411;17670;74938;38840;15633;2250;653
TAUBATE;288241;268293;1004;55599;183265;88976;416;5308;1124
TEJUPA;4369;3982;27;755;2465;914;7;111;3
TEODORO SAMPAIO;21876;20473;222;4559;15401;5984;30;499;55
TERRA ROXA;7513;7230;39;1097;5661;2290;27;218;21
TIETE;35897;34109;133;5820;25751;11676;57;991;86
TIMBURI;2640;2538;20;620;2238;1375;27;42;9
TORRE DE PEDRA;2704;2654;36;742;1947;981;3;47;12
TORRINHA;8970;8563;39;1219;6202;2622;0;188;20
TRABIJU;1703;1653;19;259;1296;638;2;32;6
TREMEMBE;47029;44327;239;11165;33109;15896;136;937;142
TRES FRONTEIRAS;6055;5859;12;1072;4046;1802;5;120;32
TUIUTI;6362;6049;33;1181;4554;2160;16;141;23
TUPA;60125;57084;189;5962;39999;15975;63;1074;138
TUPI PAULISTA;15471;14784;74;4261;10971;5266;8;281;70
TURIUBA;1849;1817;18;222;1465;784;53;38;4
TURMALINA;1886;1841;13;428;1697;957;1;23;8
UBARANA;5369;5185;26;866;3878;1489;2;156;22
UBATUBA;92179;80668;377;12694;44656;17005;109;1347;210
UBIRAJARA;5041;4623;18;211;2577;798;6;81;7
UCHOA;9270;9122;75;1910;7297;3096;13;203;30
UNIAO PAULISTA;1634;1618;26;189;1205;482;0;34;4
URANIA;8185;7856;32;1145;5549;2535;9;178;21
URU;1368;1359;29;301;1291;684;4;29;4
URUPES;12861;12359;69;1484;9324;4134;71;299;35
VALENTIM GENTIL;13113;12578;69;1703;9359;3984;36;352;40
VALINHOS;116290;108294;603;18048;72265;32556;165;2388;499
VALPARAISO;23029;21591;72;4877;16404;8942;47;511;62
VARGEM;9638;9000;32;1517;6144;3064;14;199;11
VARGEM GRANDE DO SUL;39312;36635;171;5443;27504;12130;20;904;71
VARGEM GRANDE PAULISTA;49156;45025;602;12286;32717;16210;71;977;144
VARZEA PAULISTA;106312;98455;674;17995;58081;24450;232;2734;233
VERA CRUZ;9505;8971;29;1396;6332;2867;13;138;17
VINHEDO;72616;69076;502;13235;47600;20658;285;1667;223
VIRADOURO;17035;16452;68;3374;13180;6759;16;424;37
VISTA ALEGRE DO ALTO;7496;7287;47;587;5064;1616;0;244;11
VITORIA BRASIL;1791;1672;14;208;1169;478;3;28;3
VOTORANTIM;103026;97749;555;24448;69380;33982;279;2589;265
VOTUPORANGA;91098;86297;357;16285;60612;28947;75;1751;312
ZACARIAS;2424;2366;15;353;1785;640;3;62;3
